+-------------------+
|      SELECT       |
+-------------------+
#############################
--------- Query 1: ----------
#############################

* Afficher tous les articles (titre, datepub);
----------------------------------------------

select article_title, article_date_pub
 from article;
+-----------------------+---------------------+
| article_title         | article_date_pub    |
+-----------------------+---------------------+
| Apprendre SQL         | 2026-01-02 11:11:13 |
| Python Basics         | 2026-01-02 11:11:13 |
| Bienvenue sur le blog | 2025-07-18 00:00:00 |
| Nouveau post          | 2025-07-18 00:00:00 |
| Nouveau post          | 2025-07-18 00:00:00 |
| Article Today         | 2026-01-08 09:19:40 |
| Article Last Month    | 2025-12-08 09:19:40 |
| Article Archived      | 2025-05-10 00:00:00 |
| Article 2025 A        | 2025-03-15 00:00:00 |
| Article 2025 B        | 2025-03-20 00:00:00 |
+-----------------------+---------------------+
10 rows in set (0.00 sec)

#############################
--------- Query 2: ----------
#############################

* Afficher les Utilisateurs dont le nom commence par 'EL'
---------------------------------------------------------

select * from user
  where user_name like '%EL%';
+---------+-------------+---------------------+---------------+
| user_id | user_name   | user_email          | user_password |
+---------+-------------+---------------------+---------------+
|       4 | EL_Houssine | elhoussine@test.com | passEl        |
+---------+-------------+---------------------+---------------+
1 row in set (0.00 sec)

#############################
--------- Query 3: ----------
#############################

* Afficher les articles de l'utilisateur "id : 100" ordonnées par priorité par date croissant;
----------------------------------------------------------------------------------------------

select * from article
  where user_id  = 100
  order by article_date_pub asc;
+------------+--------------------+------------------+---------------------+----------------+---------+-------------+---------------+
| article_id | article_title      | article_content  | article_date_pub    | article_status | user_id | category_id | article_views |
+------------+--------------------+------------------+---------------------+----------------+---------+-------------+---------------+
|         14 | Article Archived   | Content archived | 2025-05-10 00:00:00 |              0 |     100 |        NULL |             0 |
|         13 | Article Last Month | Content old      | 2025-12-08 09:19:40 |              1 |     100 |        NULL |             0 |
|         12 | Article Today      | Content today    | 2026-01-08 09:19:40 |              1 |     100 |        NULL |             0 |
+------------+--------------------+------------------+---------------------+----------------+---------+-------------+---------------+
#############################
--------- Query 4: ----------
#############################

* Afficher les articles publiés le mois dernier;
------------------------------------------------

SELECT * FROM article
  where month(article_date_pub) = month(current_date - interval 1 month)
  and year(article_date_pub) = year(current_date - interval 1 month);
+------------+--------------------+-----------------+---------------------+----------------+---------+
| article_id | article_title      | article_content | article_date_pub    | article_status | user_id | 
+------------+--------------------+-----------------+---------------------+----------------+---------+
|         13 | Article Last Month | Content old     | 2025-12-08 09:19:40 |              1 |     100 |        
+------------+--------------------+-----------------+---------------------+----------------+---------+
1 row in set (0.00 sec)


#############################
--------- Query 5: ----------
#############################

* Afficher tous les articles postés aujourd'hui.$;
--------------------------------------------------

select  * from article
  where date (article_date_pub) = curdate();
+------------+---------------+-----------------+---------------------+----------------+---------+
| article_id | article_title | article_content | article_date_pub    | article_status | user_id | 
+------------+---------------+-----------------+---------------------+----------------+---------+
|         12 | Article Today | Content today   | 2026-01-08 09:19:40 |              1 |     100 |      
+------------+---------------+-----------------+---------------------+----------------+---------+
1 row in set (0.00 sec)

#############################
--------- Query 6: ----------
#############################

* Afficher les articles archivés de l'utilisateur 'id=100';
----------------------------------------------------------

select * from article
  where user_id = 100 and article_status = 0;
+------------+------------------+------------------+---------------------+----------------+---------+-------------+
| article_id | article_title    | article_content  | article_date_pub    | article_status | user_id | category_id | 
+------------+------------------+------------------+---------------------+----------------+---------+-------------+
|         14 | Article Archived | Content archived | 2025-05-10 00:00:00 |              0 |     100 |        NULL |             
+------------+------------------+------------------+---------------------+----------------+---------+-------------+
1 row in set (0.00 sec)


#############################
--------- Query 7: ----------
#############################

* Afficher le nombre d'articles 'publiés' de l'utilisateur 'Ahmed Alami';
-------------------------------------------------------------------------
select count(*)
  from article a
  inner join user u  on a.user_id = u.user_id
  where u.user_name = 'Ahmed Alami' and a.article_status = 1;
+----------+
| count(*) |
+----------+
|        2 |
+----------+

#############################
--------- Query 8: ----------
#############################

* Combien d'article ont été publié par mois dans l'année 2025;
--------------------------------------------------------------

select month(article_date_pub) as mois, count(*) NB_articles
    -> from article
    -> where year(article_date_pub) = 2025
    -> group by month(article_date_pub);
+------+-------------+
| mois | NB_articles |
+------+-------------+
|    7 |           3 |
|   12 |           1 |
|    5 |           1 |
|    3 |           2 |
+------+-------------+


+-------------------+
|      UPDATE       |
+-------------------+

#############################
--------- Query 1: ----------
#############################

* Modifier la date de publication de l'article 155 par "02/01/2026";
--------------------------------------------------------------------
UPDATE article
  SET article_date_pub = '2026-01-02'
  WHERE article_id = 155;

Query OK, 0 rows affected (0.00 sec)
Rows matched: 0  Changed: 0  Warnings: 0

#############################
--------- Query 2: ----------
#############################

* Modifier l'état de l'article 155  "Archivé";
----------------------------------------------
UPDATE article
  SET article_status = 0
  WHERE article_id = 155;

Query OK, 1 row affected (0.01 sec)
Rows matched: 1  Changed: 1  Warnings: 0
----------------------------------------------
SELECT article_title, article_status
  FROM article
  WHERE article_id = 155;
+------------------+----------------+
| article_title    | article_status |
+------------------+----------------+
| Article Test 155 |              0 |
+------------------+----------------+

+-------------------+
|      DELETE       |
+-------------------+

#############################
--------- Query 1: ----------
#############################

* Supprimer les articles de l'utilisateur '222'; 
------------------------------------------------

DELETE FROM article
  WHERE user_id = 222;

Query OK, 0 rows affected (0.00 sec)

#############################
--------- Query 2: ----------
#############################

* Supprimer l'utilisateur  "Ahmed Alami";
-----------------------------------------

DELETE FROM user
   WHERE user_name = 'Ahmed Alami';

Query OK, 1 row affected (0.01 sec)

SELECT * FROM user;
+---------+-------------+-----------------------+---------------+
| user_id | user_name   | user_email            | user_password |
+---------+-------------+-----------------------+---------------+
|       1 | soulayman   | alice.update@test.com | sou010110     |
|       2 | John_Doe    | john@example.com      | securePass123 |
|       4 | EL_Houssine | elhoussine@test.com   | passEl        |
|       5 | Bob         | bob@test.com          | passbob       |
|       6 | Charlie     | charlie@test.com      | passcharlie   |
|     100 | User_100    | user100@test.com      | pass100       |
|     222 | User_222    | user222@test.com      | pass222       |
+---------+-------------+-----------------------+---------------+











